AnnotationTime_s,Behavior,Time,Time_s,AccelX,AccelY,AccelZ,GyroX,GyroY,GyroZ,MagX,MagY,MagZ
1.0001110370863868,stand,628.0,0.628,-1.55,-10.03,-0.69,-0.13,-0.61,0.89,-76.98,55.09,-47.38
2.0002220741727736,stand,1698.0,1.698,-2.95,-12.09,-1.3,2.97,-0.28,-1.34,-72.0,56.78,-62.53
3.0003331112591605,jump down,2769.0,2.769,-0.46,-9.02,-0.0,1.31,-0.51,-2.1,-83.02,53.57,-28.91
4.000444148345547,stand,3840.0,3.84,-0.79,-9.39,0.81,-0.05,1.54,0.32,-84.95,48.48,-51.13
5.000555185431934,stand,4910.0,4.91,-0.85,-8.9,1.65,0.01,0.0,0.26,-85.84,55.28,-29.95
6.000666222518321,stand,5981.0,5.981,-2.24,-12.27,0.73,-1.05,-1.86,-0.66,-52.95,46.01,-1.24
7.000777259604708,stand,7052.0,7.052,-0.36,-7.51,3.96,0.28,-0.42,0.48,-59.32,61.56,-9.72
8.000888296691095,stand,8123.0,8.123,-1.41,-9.95,3.74,0.89,-0.16,0.02,-56.97,59.31,-7.34
9.00099933377748,stand,9196.0,9.196,-0.13,-9.34,5.58,-0.11,1.24,-1.04,-71.94,61.98,-16.65
10.001110370863868,sit,10267.0,10.267,1.11,-4.49,8.6,0.15,-0.08,-0.43,-58.65,75.9,-31.96
11.001221407950254,sit,11381.0,11.381,1.67,-5.13,8.64,-0.0,0.04,-0.18,-52.75,75.4,-32.53
12.001332445036642,sit,12451.0,12.451,1.6,-6.17,7.86,-0.19,-0.15,0.14,-64.35,72.33,-24.54
13.001443482123028,sit,13522.0,13.522,1.39,-6.24,7.92,-0.05,0.22,-0.41,-33.54,67.28,-31.64
14.001554519209416,sit,13522.0,13.522,1.39,-6.24,7.92,-0.05,0.22,-0.41,-33.54,67.28,-31.64
15.0016655562958,sit,14593.0,14.593,-1.5,-3.93,10.6,-0.07,0.01,-0.77,-45.21,73.91,-39.61
16.00177659338219,sit,15664.0,15.664,-1.52,-7.97,2.29,-1.17,0.86,0.25,-30.53,53.43,-14.41
17.001887630468577,sit,16735.0,16.735,-1.95,-8.43,5.13,0.59,-1.21,0.63,-20.58,50.56,-27.33
18.00199866755496,stand,17805.0,17.805,0.87,-10.78,3.39,-0.29,-0.15,-0.3,-18.27,44.55,-38.28
19.00210970464135,stand,18879.0,18.879,-0.99,-10.07,1.84,-0.38,-0.24,-0.05,-18.42,39.81,-36.36
20.002220741727736,stand,19950.0,19.95,-0.01,-11.18,1.45,0.36,-0.2,1.48,-18.94,39.59,-39.54
21.002331778814124,stand,21021.0,21.021,-1.87,-8.28,1.02,-0.49,-1.18,0.01,-19.23,38.76,-42.88
22.00244281590051,stand,22134.0,22.134,0.64,-9.78,-0.61,0.5,-0.43,-0.01,-35.5,47.31,-65.4
23.002553852986896,stand,23205.0,23.205,0.03,-9.43,4.19,-0.44,0.66,-0.09,-21.53,39.59,-50.39
24.002664890073284,stand,24276.0,24.276,-0.7,-9.76,0.86,-0.52,0.21,0.58,-28.65,43.64,-16.08
25.00277592715967,stand,25347.0,25.347,-0.0,-9.57,1.43,0.51,2.12,-0.31,-41.44,46.74,-6.91
26.002886964246056,stand,26418.0,26.418,0.31,-9.46,0.57,-0.48,1.56,-0.15,-85.72,46.54,-24.0
27.002998001332443,stand,27491.0,27.491,-0.38,-10.99,1.21,0.5,-0.01,-1.16,-89.86,48.52,-45.19
28.00310903841883,stand,27491.0,27.491,-0.38,-10.99,1.21,0.5,-0.01,-1.16,-89.86,48.52,-45.19
29.00322007550522,stand,28562.0,28.562,1.3,-9.2,3.31,-0.16,0.22,0.12,-61.27,34.16,-76.45
30.003331112591603,stand,29633.0,29.633,-0.23,-8.85,2.51,-0.22,-0.65,0.06,-31.82,41.68,-66.92
31.00344214967799,stand,30703.0,30.703,-1.31,-8.88,-4.22,-1.23,0.56,1.11,-22.11,34.52,-24.36
32.00355318676438,stand,31774.0,31.774,-1.03,-7.35,-2.49,1.45,-0.14,0.72,-24.35,43.36,-54.37
33.00366422385076,stand,32845.0,32.845,-1.03,-9.2,-0.66,0.71,0.02,0.47,-32.87,41.38,-64.12
34.003775260937154,stand,33959.0,33.959,0.29,-8.8,0.06,-0.74,1.3,0.52,-58.08,46.76,-68.42
35.00388629802354,stand,35030.0,35.03,-0.78,-10.16,-0.86,-0.05,-2.84,-0.17,-67.39,48.73,-62.64
36.00399733510992,stand,36104.0,36.104,-3.67,-7.46,2.15,-0.08,-3.38,1.5,-71.38,55.89,-23.05
37.00410837219631,stand,37175.0,37.175,-1.1,-8.82,4.42,0.39,0.45,-0.11,-40.49,53.67,-13.64
38.0042194092827,stand,38245.0,38.245,-0.28,-9.06,3.78,-1.18,1.59,0.1,-70.89,62.2,-15.51
39.00433044636909,stand,39316.0,39.316,-1.3,-9.03,3.91,-0.11,-0.0,0.11,-67.83,62.16,-12.72
40.00444148345547,stand,40387.0,40.387,4.3,-12.23,2.69,-0.75,-1.72,-0.42,-28.0,43.29,-15.21
41.00455252054186,stand,41458.0,41.458,-0.47,-9.76,1.7,0.02,0.04,-0.02,-41.89,48.3,-8.11
42.00466355762825,stand,42528.0,42.528,-0.42,-9.67,1.92,0.02,0.05,-0.01,-45.22,49.2,-7.47
43.00477459471463,stand,42528.0,42.528,-0.42,-9.67,1.92,0.02,0.05,-0.01,-45.22,49.2,-7.47
44.00488563180102,stand,43599.0,43.599,-0.45,-9.69,1.95,-0.02,0.05,-0.0,-44.9,49.27,-7.45
45.00499666888741,stand,44713.0,44.713,-0.38,-9.86,2.06,0.05,0.02,-0.0,-44.46,49.27,-7.12
46.00510770597379,stand,45786.0,45.786,-0.25,-10.03,1.66,-0.44,0.09,-0.05,-44.75,48.13,-7.22
47.00521874306018,stand,46857.0,46.857,0.28,-9.39,-0.29,0.96,1.26,-0.65,-55.77,44.07,-3.8
48.00532978014657,stand,47928.0,47.928,0.42,-8.94,3.11,0.32,-0.37,0.18,-48.04,54.63,-10.27
49.00544081723295,stand,48999.0,48.999,-0.35,-11.9,-0.03,0.48,0.54,-0.47,-21.06,39.01,-24.98
50.00555185431934,stand,50070.0,50.07,-0.35,-11.49,-0.21,-0.1,0.55,-0.06,-20.71,39.99,-27.0
51.00566289140573,stand,51140.0,51.14,0.05,-10.98,0.51,0.23,0.5,-0.24,-21.37,41.58,-33.38
52.00577392849211,stand,52211.0,52.211,-0.28,-9.66,2.5,0.01,-0.92,0.51,-35.82,46.13,-14.02
53.0058849655785,stand,53282.0,53.282,-1.73,-10.27,-0.15,-0.7,-0.47,0.08,-40.16,38.45,-14.32
54.00599600266489,stand,54355.0,54.355,-1.06,-9.85,-0.21,0.06,0.02,0.08,-31.53,39.29,-21.78
55.00610703975127,stand,55469.0,55.469,-1.05,-9.86,-0.03,0.02,0.0,-0.01,-31.61,40.79,-20.7
56.00621807683766,stand,56540.0,56.54,-2.16,-11.24,-4.74,-0.59,3.61,1.09,-35.76,41.67,-11.44
57.006329113924046,stand,56540.0,56.54,-2.16,-11.24,-4.74,-0.59,3.61,1.09,-35.76,41.67,-11.44
58.00644015101044,stand,57611.0,57.611,-2.01,-8.02,-6.49,0.32,-0.17,-0.33,-43.36,29.06,-5.83
59.00655118809682,stand,58682.0,58.682,-1.75,-9.08,-3.15,-0.08,-0.09,-0.02,-45.09,38.86,-4.11
60.006662225183206,stand,59753.0,59.753,-1.64,-9.24,-2.67,0.26,0.97,0.54,-39.45,37.99,-5.66
61.0067732622696,stand,60823.0,60.823,-0.04,-9.93,0.48,0.59,1.01,0.04,-67.14,49.06,-16.09
62.00688429935598,stand,61894.0,61.894,-1.34,-8.78,5.8,0.98,0.24,-0.48,-86.22,42.85,-38.6
63.006995336442365,stand,62965.0,62.965,-1.79,-5.81,8.1,0.23,-0.05,0.11,-79.22,58.16,-28.76
64.00710637352876,stand,64038.0,64.038,1.1,-9.7,1.11,-1.6,1.54,-0.11,-83.51,40.95,-48.01
65.00721741061514,stand,65109.0,65.109,0.84,-11.0,0.4,0.23,0.14,-0.58,-85.14,46.16,-46.83
66.00732844770152,stand,66180.0,66.18,-1.95,-9.44,1.09,0.35,-1.39,0.53,-82.05,53.16,-29.99
67.00743948478791,stand,67294.0,67.294,-1.26,-9.06,4.51,0.02,-0.11,0.06,-70.17,57.91,-18.17
68.00755052187431,stand,68365.0,68.365,-0.12,-8.67,2.23,-0.22,0.11,-0.05,-82.45,49.93,-27.99
69.00766155896069,stand,69435.0,69.435,-0.78,-9.27,3.63,-0.19,-0.35,0.03,-68.24,55.74,-15.96
70.00777259604708,stand,70506.0,70.506,-1.1,-10.23,0.19,0.03,-0.22,0.27,-66.3,49.17,-8.71
71.00788363313346,stand,70506.0,70.506,-1.1,-10.23,0.19,0.03,-0.22,0.27,-66.3,49.17,-8.71
72.00799467021984,stand,71577.0,71.577,-0.6,-9.66,2.09,0.11,0.13,-0.14,-65.29,51.27,-9.22
73.00810570730624,stand,72651.0,72.651,1.24,-9.66,2.88,-0.11,0.05,0.13,-85.75,45.21,-27.05
74.00821674439263,stand,73721.0,73.721,1.31,-10.06,1.42,-0.85,1.39,-0.21,-87.71,42.41,-32.29
75.00832778147901,stand,74792.0,74.792,0.37,-10.3,2.0,0.64,-0.4,-0.03,-88.28,45.37,-37.61
76.0084388185654,stand,75863.0,75.863,0.07,-8.57,5.46,0.02,0.25,-0.25,-61.14,62.06,-15.19
77.00854985565178,sit,76933.0,76.933,0.59,-6.09,7.68,0.28,-0.03,0.03,-61.08,66.49,-24.73
78.00866089273818,sit,78047.0,78.047,0.64,-6.03,8.02,0.01,-0.05,0.01,-61.66,67.0,-24.95
79.00877192982456,sit,79118.0,79.118,0.29,-5.98,8.12,0.01,0.01,-0.0,-65.19,66.52,-25.77
80.00888296691095,sit,80189.0,80.189,0.45,-5.83,8.02,0.04,0.01,0.0,-65.1,66.68,-26.41
81.00899400399733,sit,81259.0,81.259,0.47,-5.81,8.1,0.03,0.04,-0.05,-64.94,66.82,-26.44
82.00910504108371,sit,82333.0,82.333,1.21,-5.73,8.23,0.03,-0.1,0.05,-60.0,67.25,-26.54
83.0092160781701,sit,83404.0,83.404,0.99,-6.94,7.43,-0.13,-0.02,0.0,-63.72,64.69,-21.88
84.0093271152565,sit,84474.0,84.474,1.68,-8.3,5.21,0.04,-0.01,0.04,-62.55,59.4,-14.06
85.00943815234288,sit,84474.0,84.474,1.68,-8.3,5.21,0.04,-0.01,0.04,-62.55,59.4,-14.06
86.00954918942926,sit,85545.0,85.545,1.9,-8.1,4.97,0.13,1.54,-0.55,-70.39,58.75,-16.6
87.00966022651565,sit,86616.0,86.616,2.0,-8.45,5.36,-0.9,1.45,-0.52,-83.25,52.97,-26.15
88.00977126360203,lay down,87686.0,87.686,-0.67,-10.74,0.13,-0.51,-0.03,-0.2,-85.81,50.72,-28.53
89.00988230068843,lay down,88757.0,88.757,-0.08,-7.43,6.61,-0.6,0.2,0.22,-85.24,54.79,-31.95
90.00999333777482,lay down,89871.0,89.871,-0.82,-11.0,1.13,1.28,-0.67,-0.16,-80.06,52.53,-17.16
91.0101043748612,lay down,90945.0,90.945,2.01,-7.24,6.58,1.41,-0.17,0.09,-80.34,57.75,-24.89
92.01021541194758,lay down,92015.0,92.015,1.54,-4.96,8.68,-0.26,-0.17,0.03,-72.55,65.87,-28.57
93.01032644903395,lay down,93086.0,93.086,2.09,-7.8,5.96,-0.06,0.0,0.03,-82.53,54.34,-24.0
94.01043748612037,lay down,94157.0,94.157,3.15,-7.97,6.47,0.57,0.71,-0.14,-80.46,55.96,-23.15
95.01054852320677,lay down,95228.0,95.228,0.14,-6.71,7.12,-0.4,-0.04,-0.11,-82.52,58.83,-29.54
96.01065956029312,lay down,96298.0,96.298,-0.99,-7.86,5.7,-0.35,-0.07,-0.03,-83.44,59.27,-33.79
97.01077059737952,lay down,97369.0,97.369,-3.5,-8.17,6.65,-0.24,0.88,0.14,-83.15,58.48,-49.12
98.0108816344659,lay down,98440.0,98.44,-4.65,-8.1,2.2,-0.38,0.56,0.41,-76.92,65.62,-46.13
99.01099267155227,lay down,99511.0,99.511,-2.31,-7.82,1.55,2.71,-0.98,-1.21,-83.16,60.11,-36.45
100.01110370863869,lay down,99511.0,99.511,-2.31,-7.82,1.55,2.71,-0.98,-1.21,-83.16,60.11,-36.45
101.01121474572508,lay down,100628.0,100.628,-3.66,-8.97,-0.18,0.63,-1.22,-0.24,-82.83,58.39,-30.05
102.01132578281144,lay down,101699.0,101.699,-1.24,-10.7,2.15,1.0,-0.25,-0.46,-84.17,55.64,-28.08
103.01143681989784,lay down,102769.0,102.769,0.26,-8.06,5.85,0.04,-0.0,0.03,-87.74,53.08,-34.84
104.01154785698422,lay down,103840.0,103.84,1.8,-3.99,8.44,0.88,0.23,0.57,-80.8,61.58,-36.39
105.01165889407062,lay down,104911.0,104.911,1.11,-3.0,9.28,0.03,0.06,0.01,-79.47,62.58,-37.72
106.011769931157,lay down,105981.0,105.981,1.81,-2.69,9.43,0.03,-0.0,0.0,-79.28,62.72,-38.09
107.0118809682434,lay down,107052.0,107.052,1.42,-3.59,9.28,-0.02,0.02,-0.0,-79.96,62.2,-37.72
108.01199200532976,lay down,108123.0,108.123,3.05,-3.06,8.91,-0.12,0.13,-0.1,-79.86,62.82,-34.98
109.01210304241616,lay down,109196.0,109.196,2.09,-9.38,2.66,-2.07,0.59,-0.18,-89.78,45.13,-32.46
110.01221407950254,lay down,110267.0,110.267,-1.3,-11.02,-0.26,0.24,-0.89,-0.0,-83.48,56.65,-27.54
111.01232511658894,lay down,111381.0,111.381,-0.48,-10.23,0.73,-1.5,-0.27,-0.35,-86.76,51.59,-43.16
112.01243615367532,stand,112452.0,112.452,-2.18,-10.02,-1.56,-0.82,-1.71,0.56,-88.31,50.66,-43.64
113.01254719076172,stand,113523.0,113.523,0.13,-8.71,-1.87,0.57,0.89,-0.82,-88.72,49.02,-35.53
114.01265822784808,stand,113523.0,113.523,0.13,-8.71,-1.87,0.57,0.89,-0.82,-88.72,49.02,-35.53
115.01276926493448,stand,114593.0,114.593,-0.05,-10.27,-1.79,0.21,-0.06,-0.23,-88.92,47.11,-42.21
116.01288030202087,stand,115664.0,115.664,1.09,-9.44,-2.13,-0.02,0.08,0.01,-88.53,42.28,-31.82
117.01299133910726,eat,116735.0,116.735,0.48,-8.35,-2.48,0.24,-0.14,-0.27,-88.35,42.71,-33.73
118.01310237619364,eat,117806.0,117.806,1.26,-9.02,-3.0,0.54,-0.01,-0.03,-88.26,39.99,-30.47
119.01321341328004,eat,118879.0,118.879,0.21,-9.63,-2.5,0.02,0.05,0.02,-87.59,41.68,-27.43
120.0133244503664,eat,119950.0,119.95,0.98,-9.91,-2.8,0.09,0.02,-0.1,-87.81,39.73,-27.59
121.0134354874528,eat,121021.0,121.021,0.58,-8.89,-0.51,0.48,-0.47,0.28,-87.2,44.55,-28.24
122.0135465245392,sit,122091.0,122.091,0.41,-8.69,3.73,0.6,-0.84,0.63,-79.61,55.48,-20.13
123.01365756162558,sit,123205.0,123.205,0.14,-9.04,4.19,0.03,0.21,-0.11,-77.87,55.19,-17.2
124.01376859871196,sit,124276.0,124.276,-0.42,-9.31,-0.7,-0.46,-0.1,0.07,-87.01,46.71,-27.46
125.01387963579836,eat,125347.0,125.347,-0.44,-10.0,-1.06,-0.2,-0.03,-0.08,-86.67,46.29,-28.21
126.01399067288472,eat,126418.0,126.418,-0.44,-9.42,-0.8,0.1,0.1,-0.1,-87.04,46.62,-27.86
127.01410170997111,eat,127491.0,127.491,-0.14,-10.02,-1.2,-0.12,0.23,-0.3,-86.8,45.82,-27.26
128.0142127470575,eat,127491.0,127.491,-0.14,-10.02,-1.2,-0.12,0.23,-0.3,-86.8,45.82,-27.26
129.0143237841439,eat,128562.0,128.562,-0.56,-9.35,-0.65,-0.07,-0.17,0.01,-86.76,47.02,-27.8
130.01443482123028,eat,129633.0,129.633,-0.49,-9.74,-0.98,0.07,0.19,0.12,-86.13,46.68,-28.06
131.0145458583167,eat,130703.0,130.703,-0.64,-9.75,-1.22,-0.22,-0.09,-0.14,-86.83,45.5,-26.43
132.01465689540305,eat,131774.0,131.774,-0.13,-9.74,0.32,0.04,0.07,0.08,-87.3,47.09,-30.4
133.01476793248943,eat,132845.0,132.845,-0.26,-9.7,0.97,0.2,0.23,0.16,-87.84,45.83,-30.44
134.01487896957582,sit,133959.0,133.959,1.77,-7.76,5.99,0.56,0.07,-0.06,-89.07,44.24,-35.55
135.01499000666223,sit,135030.0,135.03,1.33,-5.45,8.02,-0.38,0.01,-0.07,-89.9,40.94,-39.99
136.0151010437486,sit,136103.0,136.103,0.83,-6.49,7.42,-0.22,0.61,-0.36,-85.0,29.41,-53.29
137.015212080835,sit,137174.0,137.174,0.4,-9.29,3.35,-0.43,-1.13,0.25,-88.7,45.63,-37.45
138.01532311792138,eat,138245.0,138.245,-0.51,-9.92,-1.27,-0.02,0.11,0.46,-86.64,46.58,-26.62
139.01543415500777,eat,139316.0,139.316,-0.79,-10.19,-1.23,0.05,-0.16,0.14,-86.79,47.3,-26.73
140.01554519209415,eat,140386.0,140.386,0.3,-8.85,4.52,0.0,0.04,-0.07,-80.52,54.85,-20.4
141.01565622918054,sit,141457.0,141.457,0.39,-8.88,4.73,-0.01,0.02,-0.03,-80.18,54.98,-20.13
142.01576726626692,sit,142528.0,142.528,0.3,-9.11,4.87,-0.01,0.1,-0.06,-80.59,54.85,-20.05
143.0158783033533,sit,142528.0,142.528,0.3,-9.11,4.87,-0.01,0.1,-0.06,-80.59,54.85,-20.05
144.0159893404397,sit,143598.0,143.598,0.97,-8.59,4.97,-0.25,-0.0,0.25,-80.99,54.79,-20.96
145.0161003775261,sit,144669.0,144.669,0.78,-8.59,5.09,-0.1,0.01,-0.0,-80.88,55.14,-21.43
146.01621141461248,eat,145786.0,145.786,-0.32,-10.11,0.19,-0.64,0.15,0.24,-87.14,47.84,-27.78
147.01632245169887,eat,146856.0,146.856,-0.32,-9.73,-0.65,0.3,0.19,0.12,-87.85,45.47,-27.78
148.01643348878525,eat,147927.0,147.927,-0.64,-9.95,-1.01,-0.18,-0.05,-0.02,-87.36,46.64,-29.3
149.01654452587164,eat,148998.0,148.998,-0.91,-9.71,-0.93,0.18,-0.19,-0.11,-86.74,48.17,-26.4
150.01665556295802,eat,150069.0,150.069,-0.78,-9.79,-0.18,0.36,0.26,0.23,-85.84,48.38,-26.15
151.0167666000444,eat,151139.0,151.139,0.18,-9.71,-1.5,0.08,-0.0,0.08,-86.99,43.73,-27.3
152.0168776371308,eat,152210.0,152.21,-0.29,-9.69,-1.07,-0.06,-0.29,-0.16,-86.83,44.14,-26.15
153.01698867421717,eat,153281.0,153.281,0.02,-9.75,-1.42,0.05,0.04,-0.01,-85.84,43.99,-25.48
154.01709971130356,eat,154354.0,154.354,0.78,-9.61,-1.22,-0.02,-0.04,0.11,-87.71,43.66,-26.6
155.01721074838994,eat,155425.0,155.425,0.5,-10.07,-1.63,-0.24,0.07,0.33,-87.62,42.97,-27.95
156.01732178547635,eat,156539.0,156.539,0.11,-10.05,-1.36,-0.07,0.01,-0.05,-87.87,43.77,-28.59
157.01743282256274,eat,156539.0,156.539,0.11,-10.05,-1.36,-0.07,0.01,-0.05,-87.87,43.77,-28.59
158.01754385964912,eat,157609.0,157.609,0.23,-9.88,-1.68,-0.1,-0.07,0.16,-86.61,42.71,-25.93
159.0176548967355,eat,158680.0,158.68,-0.15,-9.63,-1.72,0.13,0.06,0.0,-87.55,43.69,-26.94
160.0177659338219,eat,159751.0,159.751,0.26,-9.97,-1.22,0.19,0.4,-0.07,-86.64,44.65,-26.92
161.01787697090828,eat,160822.0,160.822,0.34,-9.62,-1.39,0.12,0.06,-0.05,-86.88,43.53,-28.09
162.01798800799466,eat,161892.0,161.892,-0.2,-9.97,-1.24,-0.06,-0.01,0.04,-87.14,44.55,-28.06
163.01809904508104,eat,162966.0,162.966,0.44,-9.68,-1.21,0.23,0.08,0.01,-87.43,43.54,-28.08
164.01821008216743,eat,164037.0,164.037,0.71,-9.44,-1.45,0.08,-0.06,-0.09,-87.33,43.85,-28.54
165.0183211192538,eat,165107.0,165.107,0.25,-9.84,-1.07,-0.1,-0.02,-0.02,-87.33,43.77,-28.02
166.0184321563402,eat,166178.0,166.178,0.48,-9.58,-1.42,0.03,0.02,-0.09,-87.8,43.09,-28.11
167.0185431934266,eat,167291.0,167.291,0.64,-8.74,-1.14,-0.25,-0.29,-0.38,-87.8,42.11,-26.81
168.018654230513,eat,168362.0,168.362,0.54,-9.95,-0.97,-0.12,-0.1,-0.01,-87.56,42.08,-26.98
169.01876526759938,eat,169433.0,169.433,0.53,-9.71,-1.31,0.16,0.06,0.08,-87.24,42.47,-26.6
170.01887630468576,eat,170503.0,170.503,0.52,-9.77,-1.32,-0.0,-0.09,0.06,-87.11,42.14,-26.34
171.01898734177217,eat,170503.0,170.503,0.52,-9.77,-1.32,-0.0,-0.09,0.06,-87.11,42.14,-26.34
172.01909837885853,eat,171577.0,171.577,-0.16,-9.69,0.01,0.01,0.0,-0.21,-86.47,45.75,-24.82
173.0192094159449,eat,172648.0,172.648,0.38,-9.89,0.06,0.1,-0.02,0.03,-86.36,45.19,-24.61
174.0193204530313,eat,173718.0,173.718,1.23,-9.68,0.07,0.09,-0.13,-0.3,-87.34,43.76,-26.53
175.01943149011768,eat,174789.0,174.789,0.69,-9.78,1.7,0.02,0.01,0.12,-87.68,45.29,-27.68
176.01954252720407,eat,175860.0,175.86,1.23,-9.78,1.6,-0.09,-0.0,0.13,-88.73,43.44,-29.32
177.01965356429045,eat,176930.0,176.93,1.31,-9.88,1.16,0.45,0.03,-0.23,-87.65,42.47,-28.38
178.01976460137686,eat,178001.0,178.001,1.91,-9.61,2.13,0.0,0.2,0.01,-88.78,41.03,-30.34
179.01987563846325,eat,179115.0,179.115,0.18,-9.74,-1.29,-0.1,0.1,0.08,-86.55,43.83,-26.95
180.01998667554963,eat,180186.0,180.186,0.0,-9.99,-1.29,-0.07,-0.16,0.02,-85.71,45.98,-25.27
181.020097712636,eat,181259.0,181.259,-0.68,-9.46,-1.0,0.04,0.02,-0.26,-85.56,44.74,-24.63
182.0202087497224,eat,182330.0,182.33,-0.62,-9.53,-1.36,0.04,0.05,-0.01,-85.84,44.34,-23.31
183.0203197868088,eat,183401.0,183.401,-0.46,-9.82,-1.33,0.05,0.03,0.16,-84.95,44.15,-22.92
184.0204308238952,eat,184472.0,184.472,-0.5,-10.82,-1.4,-0.17,0.04,0.09,-85.4,44.99,-23.46
185.02054186098155,eat,185542.0,185.542,-0.64,-9.33,-1.15,0.1,-0.0,-0.02,-84.74,44.65,-22.61
186.02065289806796,eat,185542.0,185.542,-0.64,-9.33,-1.15,0.1,-0.0,-0.02,-84.74,44.65,-22.61
187.02076393515432,eat,186613.0,186.613,-0.41,-9.85,-1.32,0.04,-0.02,-0.04,-85.44,43.64,-22.39
188.02087497224076,eat,187684.0,187.684,-0.28,-9.98,-1.21,0.18,-0.02,-0.1,-85.36,44.56,-21.6
189.02098600932712,eat,188755.0,188.755,0.98,-9.18,2.78,0.24,0.04,-0.11,-88.94,44.78,-33.02
190.0210970464135,eat,189871.0,189.871,1.63,-9.01,3.88,-0.09,-0.01,-0.02,-88.7,45.73,-31.25
191.02120808349989,eat,190942.0,190.942,2.0,-8.61,0.91,-0.3,-0.48,-0.79,-88.57,40.56,-28.97
192.02131912058627,eat,192013.0,192.013,0.14,-6.93,-5.26,-0.79,0.14,1.18,-78.84,24.51,-16.19
193.02143015767265,eat,193084.0,193.084,-0.09,-4.64,-8.03,1.19,-0.04,0.1,-88.16,36.41,-26.73
194.02154119475904,eat,194154.0,194.154,-0.93,-7.93,-6.0,-0.14,0.02,0.01,-89.39,44.34,-31.31
195.02165223184545,eat,195225.0,195.225,1.11,-9.26,0.08,0.73,0.16,0.16,-88.26,44.36,-28.87
196.0217632689318,eat,196296.0,196.296,2.26,-9.71,2.6,0.23,0.41,0.16,-88.61,42.56,-30.14
197.0218743060182,sit,197366.0,197.366,1.92,-9.13,3.49,0.01,0.01,0.01,-89.16,41.44,-32.2
198.02198534310455,sit,198437.0,198.437,2.2,-8.67,4.44,-0.01,0.03,-0.0,-89.8,38.82,-38.02
199.022096380191,sit,199511.0,199.511,2.07,-8.65,4.55,0.01,0.02,-0.0,-90.47,39.2,-38.83
200.02220741727737,sit,199511.0,199.511,2.07,-8.65,4.55,0.01,0.02,-0.0,-90.47,39.2,-38.83
201.02231845436376,sit,200625.0,200.625,1.63,-8.66,4.21,0.12,-0.0,-0.07,-90.06,41.55,-36.88
202.0224294914501,sit,201696.0,201.696,1.47,-8.65,4.67,0.43,-0.77,0.49,-86.12,48.87,-23.71
203.02254052853647,sit,202766.0,202.766,1.68,-7.53,6.21,0.13,-0.43,0.33,-72.61,60.14,-17.67
204.0226515656229,sit,203837.0,203.837,2.17,-7.18,6.48,0.11,-0.29,0.15,-61.06,64.37,-17.17
205.0227626027093,sit,204908.0,204.908,1.42,-7.37,5.68,-0.27,0.76,-0.65,-70.7,61.5,-17.6
206.02287363979568,sit,205978.0,205.978,1.43,-8.04,5.8,0.02,0.04,-0.03,-77.19,57.41,-19.75
207.0229846768821,sit,207049.0,207.049,1.12,-9.4,2.84,0.14,-2.74,0.99,-54.78,54.85,-8.36
208.02309571396844,stand,208123.0,208.123,0.55,-9.83,0.72,-0.25,-1.53,-0.33,-19.72,46.55,-31.76
209.02320675105483,stand,209193.0,209.193,0.29,-10.25,1.61,-0.44,-1.19,0.05,-20.05,46.39,-35.71
210.02331778814124,stand,210264.0,210.264,0.31,-10.31,-0.24,0.68,-0.22,0.0,-20.21,42.75,-33.76
211.02342882522763,stand,211335.0,211.335,-0.08,-9.03,-0.42,-0.45,0.94,0.14,-21.46,44.96,-30.78
212.023539862314,stand,212449.0,212.449,1.33,-9.35,0.02,1.36,3.29,-1.86,-27.89,52.46,-25.8
213.0236508994004,stand,213520.0,213.52,1.94,-8.92,4.16,0.02,0.14,-0.0,-39.83,57.07,-17.45
214.0237619364868,stand,213520.0,213.52,1.94,-8.92,4.16,0.02,0.14,-0.0,-39.83,57.07,-17.45
215.0238729735732,stand,214590.0,214.59,1.72,-9.28,3.62,-0.17,-1.29,0.85,-33.24,55.57,-21.37
216.02398401065955,stand,215661.0,215.661,1.42,-8.63,4.04,-0.02,-0.35,0.1,-25.5,52.56,-31.92
217.02409504774596,stand,216735.0,216.735,0.38,-9.61,3.74,-0.26,-0.3,0.01,-20.4,43.0,-46.48
218.02420608483231,stand,217805.0,217.805,2.06,-9.61,3.38,0.28,1.43,-1.0,-29.35,54.57,-26.07
219.0243171219187,stand,218876.0,218.876,1.64,-8.65,4.82,0.28,-0.1,-0.12,-39.92,58.61,-19.92
220.02442815900508,stand,219947.0,219.947,-0.49,-10.84,0.14,-1.13,-1.91,0.03,-20.42,41.16,-32.33
221.0245391960915,stand,221017.0,221.017,0.07,-9.76,-1.03,0.3,1.36,0.32,-27.43,40.43,-19.25
222.02465023317788,stand,222088.0,222.088,0.5,-10.61,1.61,0.9,-0.05,0.02,-33.56,48.89,-20.55
223.02476127026424,stand,223202.0,223.202,0.73,-10.56,1.09,-0.2,0.01,0.09,-28.85,45.22,-28.12
224.02487230735065,stand,224273.0,224.273,2.73,-8.02,5.26,-0.52,0.52,-0.75,-50.07,57.22,-22.74
225.02498334443703,stand,225344.0,225.344,0.9,-6.17,8.34,0.06,-0.01,-0.48,-62.0,62.55,-27.49
226.02509438152345,sit,226417.0,226.417,0.99,-5.16,8.48,0.02,0.31,-0.25,-65.89,62.2,-30.78
227.0252054186098,sit,227488.0,227.488,1.53,-4.47,8.84,0.04,0.04,-0.03,-53.54,65.11,-33.53
228.02531645569616,sit,228558.0,228.558,1.4,-4.87,8.62,0.03,-0.01,0.03,-59.56,64.37,-31.19
229.02542749278257,sit,228558.0,228.558,1.4,-4.87,8.62,0.03,-0.01,0.03,-59.56,64.37,-31.19
230.02553852986892,sit,229629.0,229.629,1.57,-4.67,8.77,0.02,0.0,0.0,-58.2,63.8,-31.73
231.02564956695537,sit,230700.0,230.7,2.4,-4.37,8.79,-0.01,-0.21,0.31,-54.43,65.23,-33.18
232.02576060404172,sit,231770.0,231.77,1.56,-4.7,8.68,0.04,0.01,0.0,-46.45,63.39,-34.46
233.02587164112813,sit,232841.0,232.841,0.74,-6.01,8.08,0.02,0.04,0.07,-43.88,61.34,-30.58
234.0259826782145,sit,233912.0,233.912,0.58,-5.35,8.58,0.01,-0.0,0.15,-43.89,61.63,-32.48
235.0260937153009,sit,235029.0,235.029,0.49,-5.28,8.57,0.02,0.02,-0.0,-42.34,61.08,-31.94
236.0262047523873,sit,236099.0,236.099,0.25,-0.27,6.7,-6.33,-1.34,-0.06,-41.16,52.95,-20.21
237.02631578947367,jump up,237170.0,237.17,0.51,-10.1,1.63,-0.64,-1.23,0.82,-19.8,50.0,-35.21
238.02642682656003,stand,238241.0,238.241,0.88,-9.2,3.9,-0.39,0.48,-0.24,-26.69,55.33,-27.19
239.02653786364644,stand,239311.0,239.311,1.59,-9.5,3.75,0.54,-0.14,-0.13,-21.85,52.72,-33.19
240.0266489007328,stand,240382.0,240.382,1.6,-8.63,4.69,0.01,0.02,0.02,-26.56,57.1,-32.13
241.0267599378192,stand,241453.0,241.453,1.36,-10.48,2.28,-0.7,-0.37,0.6,-32.26,53.99,-14.98
242.0268709749056,stand,242523.0,242.523,1.03,-9.52,2.84,0.3,-0.55,-0.04,-28.44,54.81,-21.43
243.026982011992,stand,242523.0,242.523,1.03,-9.52,2.84,0.3,-0.55,-0.04,-28.44,54.81,-21.43
244.0270930490784,stand,243594.0,243.594,1.5,-9.38,3.88,-0.05,0.27,-0.18,-29.82,57.54,-24.45
245.0272040861648,stand,244668.0,244.668,1.68,-9.32,-3.99,-0.28,1.71,0.2,-64.22,41.26,-5.52
246.0273151232512,stand,245780.0,245.78,0.7,-10.6,0.54,-0.83,-0.04,-0.33,-73.0,45.64,-12.15
247.02742616033757,stand,246850.0,246.85,-0.48,-10.32,0.61,0.03,0.6,0.02,-86.22,50.45,-44.61
248.02753719742392,stand,247921.0,247.921,-1.44,-9.31,0.32,-0.3,-1.97,1.27,-84.93,49.63,-42.52
249.0276482345103,stand,248992.0,248.992,0.78,-10.7,-0.05,-1.41,-2.33,0.05,-59.92,47.41,-5.14
250.0277592715967,stand,250063.0,250.063,0.42,-9.86,2.15,0.02,0.15,-0.44,-73.62,51.7,-16.24
251.02787030868308,stand,251133.0,251.133,0.96,-9.88,1.84,-0.65,0.47,-0.04,-87.93,42.53,-38.0
252.02798134576943,stand,252204.0,252.204,-0.01,-9.44,2.19,0.31,-0.18,0.36,-86.32,48.07,-34.98
253.02809238285587,stand,253277.0,253.277,-0.77,-10.35,2.11,-0.41,-1.57,-0.45,-82.78,44.49,-51.23
254.02820341994223,stand,254348.0,254.348,-1.09,-10.52,-0.09,-1.24,1.28,0.62,-80.56,47.52,-52.72
255.02831445702864,stand,255419.0,255.419,-0.59,-9.96,-1.21,0.02,-0.21,0.37,-81.86,45.76,-23.15
256.028425494115,stand,256532.0,256.532,-1.42,-8.48,-4.33,0.44,-1.02,-1.05,-67.42,32.23,-7.18
257.0285365312014,stand,256532.0,256.532,-1.42,-8.48,-4.33,0.44,-1.02,-1.05,-67.42,32.23,-7.18
258.0286475682878,stand,257603.0,257.603,-0.34,-10.18,-0.61,0.1,0.43,0.13,-54.56,40.16,-2.69
259.0287586053742,stand,258674.0,258.674,0.02,-10.25,-1.25,-0.15,-0.76,-0.09,-72.3,43.12,-8.07
260.02886964246056,stand,259745.0,259.745,0.76,-10.22,2.23,-0.51,-0.23,0.38,-60.79,51.68,-7.18
261.028980679547,stand,260815.0,260.815,-0.06,-9.77,2.85,-0.02,0.07,-0.17,-48.04,52.92,-7.56
262.02909171663333,stand,261889.0,261.889,-0.11,-9.79,-0.9,-0.23,0.05,0.4,-77.58,45.07,-12.93
263.02920275371974,stand,262959.0,262.959,-0.44,-10.16,-0.5,0.28,-0.11,0.22,-51.14,44.84,-4.87
264.0293137908061,stand,264030.0,264.03,-1.75,-9.18,1.26,-0.95,-1.78,0.51,-50.67,55.19,-10.13
265.0294248278925,stand,265101.0,265.101,0.59,-10.66,-1.09,0.46,-0.22,-0.95,-29.38,47.68,-15.67
266.02953586497887,stand,266172.0,266.172,1.17,-9.3,0.5,-0.04,-1.73,0.27,-20.11,47.16,-36.12
267.0296469020653,stand,267242.0,267.242,1.1,-9.79,0.63,-1.16,2.49,-0.8,-20.11,48.25,-38.18
268.02975793915164,stand,268356.0,268.356,0.01,-9.8,1.75,0.14,1.06,-0.79,-35.43,54.76,-13.65
269.02986897623805,lay down,269427.0,269.427,1.6,-7.68,5.52,-0.32,0.6,0.05,-48.92,65.23,-18.06
270.02998001332446,lay down,270498.0,270.498,1.43,-9.87,3.2,-0.65,-0.03,0.46,-44.56,58.96,-9.88
271.0300910504108,lay down,270498.0,270.498,1.43,-9.87,3.2,-0.65,-0.03,0.46,-44.56,58.96,-9.88
272.03020208749723,lay down,271571.0,271.571,1.15,-9.32,3.24,0.68,-0.2,-0.08,-33.78,57.86,-17.38
273.0303131245836,lay down,272642.0,272.642,1.27,-8.05,5.72,-0.07,0.15,-0.36,-44.02,63.62,-18.3
274.03042416167,lay down,273713.0,273.713,-0.25,-9.69,0.4,-0.4,-1.33,-0.62,-35.44,47.11,-10.11
275.03053519875635,stand,274783.0,274.783,2.04,-10.25,-4.51,-0.87,0.95,1.51,-55.8,27.02,-3.39
276.0306462358428,stand,275854.0,275.854,-0.95,-7.5,-7.46,-0.1,1.92,1.33,-32.43,28.9,-5.14
277.0307572729291,stand,276925.0,276.925,-1.27,-7.88,-1.96,0.16,-0.65,-1.68,-45.86,40.18,-4.21
278.03086831001553,lay down,277995.0,277.995,2.75,-9.23,2.01,0.19,-0.09,0.39,-44.37,57.7,-7.76
279.0309793471019,stand,279110.0,279.11,1.53,-8.4,-0.8,0.19,1.76,0.12,-63.5,42.36,-3.86
280.0310903841883,stand,280183.0,280.183,-0.89,-10.2,-0.86,0.24,-0.9,0.56,-82.45,48.09,-19.61
281.0312014212747,stand,281254.0,281.254,-0.23,-9.27,-0.65,-0.5,1.8,0.58,-74.5,47.24,-11.62
282.03131245836107,stand,282324.0,282.324,-0.73,-9.67,-0.55,-0.26,0.18,0.32,-66.62,48.04,-8.3
283.0314234954475,stand,283395.0,283.395,-0.29,-9.97,0.15,-0.26,0.1,-0.05,-45.67,44.68,-7.4
284.03153453253384,stand,284466.0,284.466,0.19,-9.18,-0.0,0.2,1.55,-0.01,-54.47,46.01,-5.32
285.03164556962025,stand,285536.0,285.536,-0.76,-10.24,-0.12,0.18,0.21,-0.53,-83.41,49.42,-25.24
286.0317566067066,stand,285536.0,285.536,-0.76,-10.24,-0.12,0.18,0.21,-0.53,-83.41,49.42,-25.24
287.031867643793,stand,286607.0,286.607,-0.2,-10.13,2.08,-1.0,1.22,0.27,-84.61,48.74,-26.48
288.0319786808794,stand,287678.0,287.678,0.89,-9.82,-2.15,1.34,0.71,0.77,-86.7,51.29,-29.86
289.0320897179658,stand,288751.0,288.751,-1.41,-9.74,-1.48,-0.91,-1.35,-0.17,-89.56,54.3,-32.1
290.0322007550522,stand,289866.0,289.866,-1.26,-9.35,-1.79,-0.24,-1.22,0.28,-68.58,45.95,2.15
291.03231179213856,stand,290937.0,290.937,-1.91,-11.21,-2.84,-0.27,-0.66,0.46,-73.47,42.21,2.0
292.03242282922497,stand,292007.0,292.007,-0.72,-9.45,-3.19,-0.66,0.67,0.76,-93.93,51.55,-26.16
293.0325338663113,stand,293078.0,293.078,-0.13,-8.05,-5.97,0.19,0.06,-0.01,-94.45,51.62,-32.33
294.03264490339774,stand,294149.0,294.149,0.47,-6.19,-4.07,-1.7,3.29,-0.61,-80.9,56.04,-67.42
295.0327559404841,stand,295220.0,295.22,0.4,-10.66,0.83,0.79,-1.8,0.5,-87.99,48.47,-62.12
296.0328669775705,stand,296290.0,296.29,0.47,-8.34,4.56,-0.22,0.82,-0.48,-94.72,54.15,-43.8
297.03297801465686,stand,297361.0,297.361,-0.3,-9.55,-0.64,-0.75,2.22,-0.06,-80.34,54.65,-65.45
298.0330890517433,stand,298435.0,298.435,1.88,-9.38,-4.0,-0.01,-0.0,-0.15,-35.11,61.49,-60.44
299.03320008882963,stand,299506.0,299.506,1.48,-9.87,-2.09,0.21,0.14,0.55,-19.57,45.79,-27.97
300.03331112591604,stand,299506.0,299.506,1.48,-9.87,-2.09,0.21,0.14,0.55,-19.57,45.79,-27.97
301.03342216300246,stand,300576.0,300.576,1.22,-10.34,0.52,0.21,0.06,0.14,-23.49,50.85,-29.77
302.0335332000888,stand,301690.0,301.69,-1.45,-9.27,-3.44,-0.16,0.05,0.23,-20.67,45.53,-48.39
303.0336442371752,stand,302761.0,302.761,-0.44,-9.54,-1.95,-0.3,-0.15,0.18,-21.91,46.35,-49.21
304.0337552742616,stand,303831.0,303.831,0.48,-9.85,0.76,-0.76,0.6,-0.2,-26.18,43.76,-58.1
305.033866311348,stand,304902.0,304.902,0.49,-9.26,1.46,0.16,-0.16,-0.37,-41.76,45.0,-68.96
306.03397734843435,stand,305973.0,305.973,-0.72,-7.46,4.18,0.17,-1.1,-0.08,-44.33,44.4,-71.56
307.0340883855208,stand,307046.0,307.046,0.73,-9.58,2.15,0.21,0.21,-0.12,-49.65,41.32,-73.03
308.0341994226071,stand,308117.0,308.117,0.89,-12.04,0.57,-0.21,-0.98,0.48,-48.64,43.29,-73.82
309.0343104596936,stand,309188.0,309.188,1.21,-7.32,5.67,0.07,-0.53,-0.14,-37.21,32.13,-68.94
310.0344214967799,sit,310259.0,310.259,1.25,-8.83,3.99,0.68,-0.21,-0.13,-31.66,38.79,-64.57
311.0345325338663,sit,311330.0,311.33,2.18,-9.57,-0.43,-0.35,0.55,-0.21,-25.56,48.42,-51.59
312.0346435709527,sit,312444.0,312.444,-0.54,-10.04,-0.88,0.45,-1.47,-0.09,-46.51,49.75,-70.77
313.03475460803907,sit,313514.0,313.514,-0.17,-9.86,-0.35,-0.16,0.22,-0.05,-77.02,50.75,-62.51
314.0348656451255,sit,313514.0,313.514,-0.17,-9.86,-0.35,-0.16,0.22,-0.05,-77.02,50.75,-62.51
315.03497668221183,stand,314585.0,314.585,-0.46,-8.69,-0.5,1.34,1.11,-0.51,-43.85,44.1,-72.74
316.03508771929825,stand,315659.0,315.659,1.07,-10.18,0.77,-0.17,0.66,0.25,-29.77,45.97,-64.44
317.0351987563846,stand,316730.0,316.73,1.4,-8.9,1.76,0.33,-1.15,0.04,-21.59,45.0,-52.41
318.035309793471,stand,317800.0,317.8,0.88,-8.13,6.19,1.21,-0.69,-0.04,-23.47,35.49,-61.71
319.03542083055737,lay down,318871.0,318.871,1.42,-9.78,1.88,-0.99,-0.48,0.1,-23.37,40.46,-62.86
320.0355318676438,lay down,319942.0,319.942,1.42,-9.57,1.13,0.11,0.24,-0.25,-15.07,44.05,-46.11
321.03564290473014,lay down,321013.0,321.013,2.12,-9.29,1.73,0.06,-0.01,-0.01,-16.09,46.58,-46.83
322.0357539418165,lay down,322083.0,322.083,2.07,-9.45,1.93,0.01,-0.03,-0.0,-15.27,46.45,-46.52
323.03586497890296,lay down,323154.0,323.154,-0.58,-9.21,1.56,0.13,-1.3,0.11,-39.65,38.98,-72.41
324.0359760159893,stand,324268.0,324.268,-0.03,-8.95,1.54,-0.3,-1.58,0.03,-54.87,40.84,-73.6
325.03608705307573,stand,325342.0,325.342,1.25,-9.38,0.13,0.07,0.17,-1.15,-60.87,38.41,-73.03
326.0361980901621,stand,326413.0,326.413,-1.55,-10.14,-1.56,0.28,0.29,-0.26,-44.31,44.26,-70.34
327.0363091272485,stand,327484.0,327.484,0.88,-8.24,4.16,-0.17,0.15,-0.08,-38.02,29.63,-69.39
328.03642016433486,stand,328554.0,328.554,1.47,-9.02,3.86,0.06,-0.08,0.27,-49.65,26.16,-72.01
329.03653120142127,lay down,328554.0,328.554,1.47,-9.02,3.86,0.06,-0.08,0.27,-49.65,26.16,-72.01
330.0366422385076,lay down,329625.0,329.625,1.51,-7.82,4.48,0.52,-0.62,0.04,-56.27,22.54,-70.02
331.03675327559404,lay down,330696.0,330.696,1.04,-8.24,6.2,-0.38,0.36,-0.02,-60.86,19.15,-67.61
332.0368643126804,lay down,331767.0,331.767,0.92,-8.07,5.88,0.01,0.1,0.03,-59.73,20.14,-68.47
333.0369753497668,lay down,332837.0,332.837,0.65,-9.24,4.89,0.66,0.66,0.05,-51.07,23.44,-70.91
334.0370863868532,lay down,333911.0,333.911,0.11,-7.13,6.62,-0.02,0.19,0.02,-28.49,23.38,-62.41
335.0371974239396,lay down,335025.0,335.025,1.6,-7.99,5.76,0.03,-0.04,-0.03,-38.15,23.98,-68.58
336.037308461026,lay down,336096.0,336.096,1.39,-7.91,5.94,0.14,0.21,0.03,-36.96,22.76,-67.83
337.03741949811234,lay down,337166.0,337.166,0.83,-9.74,5.6,-0.67,-0.92,0.81,-43.17,24.74,-71.08
338.03753053519875,stand,338237.0,338.237,1.98,-10.13,2.67,0.08,-1.92,0.7,-84.52,40.19,-55.06
339.0376415722851,sit,339308.0,339.308,0.62,-7.07,7.12,0.38,0.33,-0.26,-70.64,22.38,-64.82
340.0377526093715,sit,340379.0,340.379,0.78,-6.9,7.22,-0.02,0.08,-0.11,-71.67,22.48,-63.61
341.0378636464579,sit,341450.0,341.45,0.91,-6.87,7.0,0.14,0.05,-0.03,-74.77,23.68,-61.81
342.0379746835443,sit,342520.0,342.52,0.68,-7.42,6.93,0.02,0.06,-0.09,-71.0,24.16,-65.21
343.03808572063065,sit,342520.0,342.52,0.68,-7.42,6.93,0.02,0.06,-0.09,-71.0,24.16,-65.21
344.03819675771706,sit,343594.0,343.594,1.05,-8.32,6.82,-0.59,0.28,-0.56,-64.53,22.22,-69.77
345.0383077948035,sit,344665.0,344.665,2.16,-8.11,4.98,0.12,0.15,-0.18,-58.71,24.55,-72.54
346.0384188318898,sit,345779.0,345.779,0.77,-9.34,4.1,-0.25,-0.15,0.13,-58.96,30.97,-74.13
347.03852986897624,sit,346850.0,346.85,-0.25,-10.09,-2.07,0.02,-0.36,-0.06,-78.66,53.0,-59.41
348.0386409060626,stand,347920.0,347.92,-2.0,-10.22,-1.07,0.4,-0.67,-0.01,-85.62,52.37,-44.86
349.038751943149,stand,348991.0,348.991,-0.12,-9.51,1.78,0.71,-0.24,-0.44,-85.78,50.1,-28.56
350.03886298023536,stand,350062.0,350.062,0.52,-9.89,4.06,0.66,0.45,-0.61,-81.34,53.9,-24.01
351.0389740173218,stand,351133.0,351.133,0.49,-7.08,7.12,-0.03,0.01,-0.11,-86.73,50.31,-39.14
352.03908505440813,sit,352206.0,352.206,0.39,-7.14,7.06,0.04,0.08,-0.1,-87.33,49.55,-40.13
353.03919609149455,sit,353277.0,353.277,0.2,-7.54,6.59,-0.02,0.05,-0.0,-87.4,43.31,-45.59
354.0393071285809,sit,354348.0,354.348,-0.34,-8.65,4.93,-0.07,0.13,-0.04,-85.87,41.52,-54.21
355.0394181656673,sit,355419.0,355.419,-0.48,-8.7,4.38,0.14,0.01,-0.13,-86.83,43.28,-49.85
356.0395292027537,sit,356489.0,356.489,0.43,-9.37,2.23,-0.46,-0.99,0.32,-84.39,50.54,-25.69
357.0396402398401,sit,356489.0,356.489,0.43,-9.37,2.23,-0.46,-0.99,0.32,-84.39,50.54,-25.69
358.0397512769265,sit,357604.0,357.604,-1.56,-9.93,0.51,0.49,-2.45,-0.4,-65.46,46.13,-5.88
359.03986231401285,stand,358674.0,358.674,-1.28,-10.03,-1.99,0.25,-0.38,0.49,-25.91,37.87,-17.04
360.03997335109926,stand,359745.0,359.745,0.09,-10.16,-0.09,-0.23,2.13,0.4,-51.7,42.69,-10.29
361.0400843881856,stand,360819.0,360.819,-0.61,-8.25,-2.82,-0.8,1.1,0.14,-10.46,-111.71,149.3
362.040195425272,sit,361889.0,361.889,-0.36,-8.9,-2.6,0.71,1.18,0.41,-87.94,-43.53,-102.29
363.0403064623584,sit,362960.0,362.96,-1.41,-9.46,-1.12,-0.25,0.32,0.14,-82.74,4.0,-86.71
364.0404174994448,sit,364031.0,364.031,0.86,-9.14,1.41,-0.09,-1.18,0.47,-53.58,6.24,-22.6
365.0405285365312,sit,365102.0,365.102,0.17,-7.68,-6.72,-0.65,3.01,0.5,-78.5,41.2,-15.73
366.0406395736176,stand,366173.0,366.173,0.18,-10.93,-2.73,-0.73,-0.37,0.65,-84.77,53.67,-49.36
367.040750610704,stand,367243.0,367.243,0.85,-0.84,1.79,1.4,-1.03,0.34,-84.76,55.83,-26.97
368.0408616477904,jump down,368358.0,368.358,-2.84,-12.47,1.51,-1.13,1.36,0.8,-63.69,50.7,-72.77
369.0409726848768,stand,369428.0,369.428,-0.54,-11.16,-0.8,-0.13,-0.56,0.0,-59.05,46.16,-75.36
370.0410837219631,stand,370502.0,370.502,0.0,-8.9,3.25,0.09,-0.2,0.01,-87.08,52.21,-28.57
371.0411947590495,stand,371573.0,371.573,-0.51,-9.13,3.92,0.05,0.02,-0.06,-85.75,52.86,-26.31
372.0413057961359,stand,371573.0,371.573,-0.51,-9.13,3.92,0.05,0.02,-0.06,-85.75,52.86,-26.31
373.0414168332223,stand,372643.0,372.643,-0.43,-9.01,4.12,-0.01,-0.0,-0.03,-86.09,52.31,-29.06
374.04152787030864,stand,373714.0,373.714,-0.13,-8.75,4.53,0.0,-0.05,-0.01,-87.18,51.81,-29.99
375.0416389073951,stand,374785.0,374.785,-0.44,-9.06,4.28,0.08,-0.01,0.04,-84.89,53.14,-27.4
376.0417499444815,stand,375855.0,375.855,-1.62,-9.22,4.38,0.6,0.16,-0.13,-87.5,52.22,-31.41
377.0418609815678,sit,376926.0,376.926,0.97,-6.55,7.01,0.07,-0.22,0.1,-82.91,58.51,-27.65
378.04197201865423,sit,377997.0,377.997,1.44,-5.12,8.4,0.09,0.0,-0.06,-83.97,58.9,-30.81
379.0420830557406,sit,379113.0,379.113,1.41,-5.22,8.4,0.02,0.03,0.02,-84.42,58.21,-30.78
380.042194092827,sit,380184.0,380.184,1.36,-5.36,8.43,-0.01,0.04,0.0,-83.98,58.52,-31.45
381.04230512991336,sit,381255.0,381.255,1.38,-5.26,8.36,-0.01,-0.03,0.03,-84.23,58.81,-32.23
382.04241616699977,sit,382325.0,382.325,1.21,-5.36,8.27,0.04,0.08,-0.03,-84.33,58.89,-30.56
383.0425272040861,sit,383396.0,383.396,1.3,-5.62,8.23,-0.01,0.01,0.02,-84.22,58.68,-30.31
384.0426382411725,sit,384467.0,384.467,1.29,-5.31,8.27,-0.01,0.01,0.04,-84.13,59.0,-31.42
385.0427492782589,sit,385538.0,385.538,1.25,-7.27,6.8,-0.39,0.14,-0.1,-82.84,57.48,-24.79
386.0428603153453,sit,385538.0,385.538,1.25,-7.27,6.8,-0.39,0.14,-0.1,-82.84,57.48,-24.79
387.0429713524317,sit,386608.0,386.608,1.32,-7.52,6.29,-0.03,-0.02,0.0,-83.15,56.83,-23.87
388.0430823895181,sit,387682.0,387.682,1.29,-7.82,6.2,0.0,0.01,0.02,-83.63,56.14,-23.22
389.0431934266045,sit,388753.0,388.753,1.1,-8.09,6.04,0.07,-0.03,0.07,-83.7,56.08,-23.75
390.0433044636909,sit,389823.0,389.823,1.33,-7.97,5.77,-0.07,-0.04,0.05,-82.8,55.73,-22.29
391.04341550077726,sit,390937.0,390.937,0.3,-9.09,3.34,0.07,-0.41,0.66,-69.25,53.45,-5.93
392.0435265378636,stand,392008.0,392.008,1.62,-6.47,6.36,1.16,-0.22,-0.25,-70.04,66.22,-19.91
393.04363757495,sit,393079.0,393.079,0.92,-6.37,8.04,-0.21,0.46,-0.13,-70.78,68.05,-24.96
394.0437486120364,sit,394150.0,394.15,1.19,-5.81,8.15,0.02,-0.04,0.01,-73.28,66.94,-25.72
395.0438596491228,sit,395220.0,395.22,1.2,-5.76,8.15,-0.02,0.02,-0.02,-72.6,66.78,-25.67
396.0439706862092,sit,396291.0,396.291,1.15,-5.7,8.16,-0.01,0.02,-0.0,-72.81,67.03,-26.12
397.0440817232956,sit,397365.0,397.365,1.48,-6.18,7.55,-0.53,-0.02,-0.1,-72.58,65.9,-22.61
398.044192760382,sit,398435.0,398.435,1.11,-7.86,6.0,0.0,0.04,-0.05,-73.93,62.03,-17.68
399.04430379746833,sit,399506.0,399.506,1.44,-7.12,6.69,0.16,0.14,-0.07,-72.7,63.46,-20.46
400.04441483455474,sit,400577.0,400.577,0.41,-6.76,7.19,0.04,-0.06,-0.03,-76.91,64.05,-23.81
401.0445258716411,sit,400577.0,400.577,0.41,-6.76,7.19,0.04,-0.06,-0.03,-76.91,64.05,-23.81
402.0446369087275,sit,401702.0,401.702,1.71,-6.49,7.73,0.12,-0.04,0.27,-75.65,63.81,-23.63
403.04474794581387,sit,402773.0,402.773,1.89,-6.73,7.58,-0.01,-0.17,0.02,-79.63,62.29,-24.2
404.0448589829003,sit,403843.0,403.843,1.33,-5.57,8.6,0.02,0.09,-0.19,-85.56,56.78,-31.15
405.0449700199866,sit,404914.0,404.914,2.71,-4.19,8.28,-0.77,0.65,-0.72,-89.18,49.77,-33.95
406.04508105707305,sit,405988.0,405.988,0.11,-6.51,7.76,0.21,-0.13,0.48,-86.26,55.93,-33.81
407.0451920941594,sit,407058.0,407.058,1.82,-6.17,7.84,-0.2,0.61,-0.85,-87.64,52.54,-31.0
408.0453031312458,sit,408129.0,408.129,0.09,-8.18,5.92,-0.01,-0.01,0.01,-87.37,38.22,-53.8
409.0454141683322,sit,409200.0,409.2,0.73,-9.94,0.02,-0.85,-0.16,-0.58,-76.44,45.29,-64.73
410.0455252054186,stand,410271.0,410.271,-2.13,-8.74,0.28,0.3,-1.39,-0.23,-60.2,42.44,-73.95
411.045636242505,stand,411341.0,411.341,-0.16,-9.96,-0.22,-0.22,0.15,-0.05,-86.41,46.97,-49.93
412.04574727959135,stand,412412.0,412.412,-0.62,-8.72,1.05,0.94,-1.99,0.91,-88.04,49.62,-40.28
413.04585831667777,stand,413525.0,413.525,1.8,-3.84,10.32,1.69,-0.73,-0.23,-88.03,51.49,-38.21
414.0459693537641,sit,413525.0,413.525,1.8,-3.84,10.32,1.69,-0.73,-0.23,-88.03,51.49,-38.21
415.0460803908505,sit,414595.0,414.595,2.49,-3.02,9.68,0.15,0.13,-0.39,-85.98,54.24,-33.69
416.0461914279369,sit,415669.0,415.669,3.57,-3.32,8.72,-0.11,2.03,0.4,-80.72,62.29,-36.71
417.0463024650233,sit,416740.0,416.74,3.36,-2.68,9.4,0.14,-0.58,-0.04,-81.34,60.96,-32.99
418.04641350210966,sit,417810.0,417.81,2.97,-3.32,8.56,-0.72,1.95,-1.46,-76.1,65.57,-33.75
419.04652453919607,sit,418881.0,418.881,0.04,-5.8,8.07,-0.02,0.05,-0.11,-82.61,58.67,-32.21
420.0466355762825,sit,419952.0,419.952,2.56,-4.7,8.6,0.22,-0.06,0.12,-78.73,61.43,-28.65
421.0467466133688,sit,421023.0,421.023,2.41,-5.39,8.35,-0.41,-0.08,0.31,-77.02,61.96,-26.0
422.04685765045525,sit,422093.0,422.093,3.25,-6.48,6.91,-0.19,0.89,-0.09,-63.17,65.77,-19.01
423.0469686875416,sit,423164.0,423.164,1.43,-6.14,7.72,-0.04,0.05,-0.08,-80.05,59.56,-26.35
424.047079724628,sit,424281.0,424.281,1.45,-7.63,6.28,-0.07,-0.06,0.13,-71.57,60.54,-17.87
425.0471907617144,sit,425352.0,425.352,0.43,-7.64,5.43,-0.92,-0.04,0.38,-72.1,59.18,-15.99
426.0473017988008,sit,426423.0,426.423,0.29,-9.79,2.31,0.64,0.58,-0.59,-79.3,47.33,-13.14
427.0474128358872,stand,427493.0,427.493,1.66,-8.2,4.87,-0.32,0.73,-0.11,-62.95,60.22,-12.66
428.0475238729736,stand,428564.0,428.564,2.08,-7.42,4.69,-0.54,0.9,-1.04,-69.92,59.59,-14.38
429.0476349100599,stand,428564.0,428.564,2.08,-7.42,4.69,-0.54,0.9,-1.04,-69.92,59.59,-14.38
430.0477459471463,stand,429635.0,429.635,0.31,-8.89,3.91,0.2,-0.29,0.1,-46.38,57.53,-9.94
431.0478569842328,stand,430706.0,430.706,0.11,-9.12,4.24,-0.08,0.21,-0.01,-47.33,57.76,-9.32
432.0479680213191,stand,431776.0,431.776,-0.13,-9.4,3.28,-0.12,0.31,-0.19,-69.8,54.0,-9.63
433.0480790584055,stand,432847.0,432.847,0.49,-9.93,-0.14,-0.05,0.82,-0.22,-88.04,43.29,-28.68
434.0481900954919,stand,433921.0,433.921,-0.71,-9.96,0.59,-0.23,0.07,0.45,-84.0,47.62,-55.06
435.0483011325783,stand,435034.0,435.034,-0.66,-9.57,-0.83,0.16,0.25,0.05,-80.9,45.43,-59.72
436.04841216966463,stand,436105.0,436.105,-1.44,-9.35,-2.83,-0.19,-0.27,0.12,-75.81,56.84,-58.97
437.04852320675104,stand,437176.0,437.176,-1.77,-9.31,-2.45,0.05,-0.46,0.37,-73.66,56.72,-60.71
438.0486342438374,stand,438246.0,438.246,0.41,-3.16,9.26,2.94,-0.5,0.69,-83.95,57.22,-40.38
439.0487452809238,sit,439317.0,439.317,0.17,-2.71,8.67,-1.35,0.4,0.38,-81.13,22.8,-54.5
440.04885631801017,sit,440388.0,440.388,1.54,-9.54,3.73,0.36,0.14,-0.2,-88.66,37.64,-44.46
441.0489673550966,sit,441459.0,441.459,0.05,-5.83,7.16,0.32,0.66,-0.63,-83.35,28.59,-56.04
442.049078392183,sit,442532.0,442.532,1.17,-8.3,5.18,-0.24,-0.07,0.05,-83.48,32.33,-56.42
443.04918942926935,sit,442532.0,442.532,1.17,-8.3,5.18,-0.24,-0.07,0.05,-83.48,32.33,-56.42
444.04930046635576,sit,443603.0,443.603,0.06,-9.53,3.72,-0.81,-0.77,1.6,-85.71,45.47,-53.08
445.0494115034421,sit,444674.0,444.674,0.5,-10.45,1.01,-0.44,-0.07,0.26,-88.09,47.31,-36.95
446.0495225405285,stand,445744.0,445.744,-1.37,-9.84,-2.4,-0.35,0.11,0.27,-75.58,56.05,-60.58
447.0496335776149,eat,446858.0,446.858,-1.95,-9.54,-2.88,0.05,0.28,0.67,-75.02,57.1,-59.68
448.0497446147013,eat,447929.0,447.929,0.69,-8.28,3.69,0.21,0.31,0.3,-72.98,30.36,-67.7
449.04985565178765,stand,449000.0,449.0,0.27,-8.97,2.99,0.33,-0.22,-0.36,-79.23,36.36,-63.84
450.04996668887406,stand,450070.0,450.07,1.64,-8.97,3.88,0.04,0.11,-0.05,-71.35,31.0,-70.23
